<?xml version="1.0" encoding="UTF-8"?>
<CarisEnvironment xmlns:xsi="http://www.w3.org/2001/XMLSchema-instance">
  <General>
    <General>
    </General>
  </General>
  <Edit>
    <General>
      <ProducingAgency>US</ProducingAgency>
    </General>
  </Edit>
  <FilesAndFolders>
    <Files>
	  <CatalogueControl>C:\Program Files\CARIS\HIPS and SIPS\10.4\system\NOAA_cataloguecontrol.xml</CatalogueControl>
      <UniqueObjectId>C:\Program Files\CARIS\HIPS and SIPS\10.4\system\uniqueid.txt</UniqueObjectId>
      <CUBEParameters>C:\Program Files\CARIS\HIPS and SIPS\10.4\system\CUBEParams_NOAA_2023.xml</CUBEParameters>
    </Files>
	<Folders>
	  <ObjectCatalogue>NOAA Profile Version 2023</ObjectCatalogue>
	</Folders>
  </FilesAndFolders>
</CarisEnvironment>
